{"Num/train": 415, "Num/episodes": 5240, "Num/timesteps": 1664000, "Train/episode_reward_mean": 27.548649999999856, "Train/ratio": 4.842924337694422, "Loss/actor_loss": 0.25647410201058995, "Loss/critic_loss": 2.2306240168438163, "Loss/entropy_loss": -0.012094693258404732, "entropy_coef": 0.005, "_timestamp": 1702264809.3640888, "_runtime": 43503.5383746624, "_step": 414, "_wandb": {"runtime": 43621}}