{"Num/train": 240, "Num/episodes": 3009, "Num/timesteps": 964000, "Train/episode_reward_mean": 9.635896666666477, "Train/ratio": 4.84354932930631, "Loss/actor_loss": 0.1024593369182079, "Loss/critic_loss": 2.2384749131369333, "Loss/entropy_loss": -0.012094693258404732, "entropy_coef": 0.005, "_timestamp": 1702220966.2358515, "_runtime": 26289.546374559402, "_step": 239, "_wandb": {"runtime": 26383}}