{"Num/train": 9, "Num/episodes": 129, "Num/timesteps": 40000, "Train/episode_reward_mean": 30.208886666666512, "Train/ratio": 4.84314044766749, "Loss/actor_loss": -0.07555104612856002, "Loss/critic_loss": 3.3747612718420643, "Loss/entropy_loss": -0.7906922101974487, "entropy_coef": 0.28900816581504485, "_timestamp": 1702191807.7757027, "_runtime": 1085.4797067642212, "_step": 8, "_wandb": {"runtime": 1118}}