{"Num/train": 9, "Num/episodes": 129, "Num/timesteps": 40000, "Train/episode_reward_mean": 23.512063333333135, "Train/ratio": 4.8416577490667505, "Loss/actor_loss": -0.1692150095071123, "Loss/critic_loss": 3.329219972138764, "Loss/entropy_loss": -0.028460973873734474, "entropy_coef": 0.007190099017016743, "_timestamp": 1702193071.7974021, "_runtime": 1095.223176240921, "_step": 8, "_wandb": {"runtime": 1128}}